Rule matched,Field,Value,Mean,Max,Min,%Critical,%High,%Medium,%Low,Rule matched,Field,Score,Level,Variance
phone,"Nerea Mcmillan,1-732-968-3273,imperdiet.erat.nonummy@hotmail.edu
","Nerea Mcmillan,1-732-968-3273,imperdiet.erat.nonummy@hotmail.edu
",,,,,,,
phone,"Thaddeus Roberts,(393) 635-7325,imperdiet.non.vestibulum@google.couk
","Thaddeus Roberts,(393) 635-7325,imperdiet.non.vestibulum@google.couk
",,,,,,,
phone,"Clayton Stanley,1-270-652-4163,sed.tortor@yahoo.org
","Clayton Stanley,1-270-652-4163,sed.tortor@yahoo.org
",,,,,,,
phone,"Miriam Vaughn,(847) 710-5343,lectus.rutrum@google.org
","Miriam Vaughn,(847) 710-5343,lectus.rutrum@google.org
",,,,,,,
phone,"Neve Lowery,1-378-964-6303,vulputate.ullamcorper@hotmail.couk
","Neve Lowery,1-378-964-6303,vulputate.ullamcorper@hotmail.couk
",,,,,,,
phone,"Ronan Gomez,1-375-667-7688,mi.eleifend@icloud.com
","Ronan Gomez,1-375-667-7688,mi.eleifend@icloud.com
",,,,,,,
phone,"Hilda Hutchinson,(276) 432-3237,nunc.in.at@yahoo.edu
","Hilda Hutchinson,(276) 432-3237,nunc.in.at@yahoo.edu
",,,,,,,
phone,"Kyra Williamson,1-113-211-3240,justo.proin.non@hotmail.net
","Kyra Williamson,1-113-211-3240,justo.proin.non@hotmail.net
",,,,,,,
phone,"Raya Coleman,(939) 635-0676,eu.odio.phasellus@outlook.edu
","Raya Coleman,(939) 635-0676,eu.odio.phasellus@outlook.edu
",,,,,,,
phone,"Jada Rodriguez,(735) 325-1223,vel@icloud.edu
","Jada Rodriguez,(735) 325-1223,vel@icloud.edu
",,,,,,,
phone,"Leo Clay,(299) 722-2702,tincidunt.congue.turpis@aol.com
","Leo Clay,(299) 722-2702,tincidunt.congue.turpis@aol.com
",,,,,,,
phone,"Lacota Kelly,1-948-556-1505,magna.tellus.faucibus@yahoo.edu
","Lacota Kelly,1-948-556-1505,magna.tellus.faucibus@yahoo.edu
",,,,,,,
phone,"Gabriel Sharp,1-641-848-6731,maecenas.ornare@aol.couk
","Gabriel Sharp,1-641-848-6731,maecenas.ornare@aol.couk
",,,,,,,
phone,"Aidan Nichols,(350) 625-5672,luctus.ipsum.leo@aol.ca
","Aidan Nichols,(350) 625-5672,luctus.ipsum.leo@aol.ca
",,,,,,,
phone,"Jael Atkinson,(427) 459-2113,iaculis.quis@protonmail.couk
","Jael Atkinson,(427) 459-2113,iaculis.quis@protonmail.couk
",,,,,,,
phone,"Cade Jensen,1-422-844-8498,magna.phasellus@protonmail.com
","Cade Jensen,1-422-844-8498,magna.phasellus@protonmail.com
",,,,,,,
phone,"Gary Wynn,(747) 863-2624,fermentum.vel@yahoo.org
","Gary Wynn,(747) 863-2624,fermentum.vel@yahoo.org
",,,,,,,
phone,"Kelsie Hurst,(335) 622-2662,vulputate.dui@icloud.couk
","Kelsie Hurst,(335) 622-2662,vulputate.dui@icloud.couk
",,,,,,,
phone,"Hiroko Roach,1-604-254-9647,lacinia@outlook.net
","Hiroko Roach,1-604-254-9647,lacinia@outlook.net
",,,,,,,
phone,"Kiona Warner,(617) 144-6455,iaculis.odio.nam@google.ca
","Kiona Warner,(617) 144-6455,iaculis.odio.nam@google.ca
",,,,,,,
phone,"Candace Roy,1-415-851-4139,malesuada@outlook.ca
","Candace Roy,1-415-851-4139,malesuada@outlook.ca
",,,,,,,
phone,"Blake Randall,(359) 216-4775,vitae.odio@protonmail.net
","Blake Randall,(359) 216-4775,vitae.odio@protonmail.net
",,,,,,,
phone,"Haley Chase,(215) 392-0511,phasellus.dapibus.quam@aol.ca
","Haley Chase,(215) 392-0511,phasellus.dapibus.quam@aol.ca
",,,,,,,
phone,"Asher Bean,(167) 569-7767,ac.mi@yahoo.ca
","Asher Bean,(167) 569-7767,ac.mi@yahoo.ca
",,,,,,,
phone,"Amethyst Wynn,(526) 255-6679,sed.dolor@yahoo.edu
","Amethyst Wynn,(526) 255-6679,sed.dolor@yahoo.edu
",,,,,,,
phone,"Ignatius Mack,1-882-322-4773,mauris.rhoncus@aol.com
","Ignatius Mack,1-882-322-4773,mauris.rhoncus@aol.com
",,,,,,,
phone,"Reece Cooper,(979) 972-6782,iaculis.quis.pede@aol.edu
","Reece Cooper,(979) 972-6782,iaculis.quis.pede@aol.edu
",,,,,,,
phone,"Oliver Hinton,1-150-724-5860,eu.dolor@outlook.net
","Oliver Hinton,1-150-724-5860,eu.dolor@outlook.net
",,,,,,,
phone,"Sawyer Bird,(321) 252-6051,dui.fusce@yahoo.com
","Sawyer Bird,(321) 252-6051,dui.fusce@yahoo.com
",,,,,,,
phone,"Abbot Anthony,1-747-711-7223,velit@icloud.com
","Abbot Anthony,1-747-711-7223,velit@icloud.com
",,,,,,,
phone,"Grace House,(512) 592-3484,posuere.at@protonmail.couk
","Grace House,(512) 592-3484,posuere.at@protonmail.couk
",,,,,,,
phone,"Neil Navarro,(124) 212-2547,nec@outlook.edu
","Neil Navarro,(124) 212-2547,nec@outlook.edu
",,,,,,,
phone,"Jenna Carson,1-476-666-7426,nunc.sollicitudin@yahoo.org
","Jenna Carson,1-476-666-7426,nunc.sollicitudin@yahoo.org
",,,,,,,
phone,"Macey Davenport,(361) 577-8934,nec.ante@hotmail.org
","Macey Davenport,(361) 577-8934,nec.ante@hotmail.org
",,,,,,,
phone,"Gabriel Jacobson,1-593-218-4181,enim.consequat@icloud.com
","Gabriel Jacobson,1-593-218-4181,enim.consequat@icloud.com
",,,,,,,
phone,"Evan Acevedo,(871) 496-5775,lobortis.augue.scelerisque@outlook.com
","Evan Acevedo,(871) 496-5775,lobortis.augue.scelerisque@outlook.com
",,,,,,,
phone,"Chandler Velez,(227) 760-3116,magna.nam.ligula@aol.couk
","Chandler Velez,(227) 760-3116,magna.nam.ligula@aol.couk
",,,,,,,
phone,"Aaron Gilmore,1-141-286-7027,at.auctor@icloud.edu
","Aaron Gilmore,1-141-286-7027,at.auctor@icloud.edu
",,,,,,,
phone,"Illana Vasquez,1-865-379-2854,mi.enim@aol.org
","Illana Vasquez,1-865-379-2854,mi.enim@aol.org
",,,,,,,
phone,"Willow Andrews,(716) 934-7248,lorem.ipsum.sodales@aol.ca
","Willow Andrews,(716) 934-7248,lorem.ipsum.sodales@aol.ca
",,,,,,,
phone,"Brenda Emerson,1-467-816-2284,metus.facilisis.lorem@hotmail.org
","Brenda Emerson,1-467-816-2284,metus.facilisis.lorem@hotmail.org
",,,,,,,
phone,"Aquila Peterson,1-267-893-5059,in@protonmail.ca
","Aquila Peterson,1-267-893-5059,in@protonmail.ca
",,,,,,,
phone,"Axel Reid,(468) 646-3648,fusce.mollis.duis@icloud.ca
","Axel Reid,(468) 646-3648,fusce.mollis.duis@icloud.ca
",,,,,,,
phone,"Magee Macdonald,(167) 230-4806,lectus.quis.massa@icloud.com
","Magee Macdonald,(167) 230-4806,lectus.quis.massa@icloud.com
",,,,,,,
phone,"Helen Mccarty,(631) 846-2834,lorem.luctus.ut@hotmail.edu
","Helen Mccarty,(631) 846-2834,lorem.luctus.ut@hotmail.edu
",,,,,,,
phone,"Mufutau Acevedo,(764) 257-6324,ligula.eu.enim@google.couk
","Mufutau Acevedo,(764) 257-6324,ligula.eu.enim@google.couk
",,,,,,,
phone,"Vance Cochran,1-205-499-5332,cursus.vestibulum@google.edu
","Vance Cochran,1-205-499-5332,cursus.vestibulum@google.edu
",,,,,,,
phone,"Ina Graham,1-283-446-4866,sapien.imperdiet.ornare@protonmail.org
","Ina Graham,1-283-446-4866,sapien.imperdiet.ornare@protonmail.org
",,,,,,,
phone,"Cora Contreras,1-232-886-8378,nibh.enim.gravida@icloud.org
","Cora Contreras,1-232-886-8378,nibh.enim.gravida@icloud.org
",,,,,,,
phone,"Inga Valencia,(881) 356-5478,vitae.erat.vivamus@outlook.org
","Inga Valencia,(881) 356-5478,vitae.erat.vivamus@outlook.org
",,,,,,,
phone,"Amber Perry,(817) 627-5688,dui.nec.urna@protonmail.com
","Amber Perry,(817) 627-5688,dui.nec.urna@protonmail.com
",,,,,,,
phone,"Gavin Chandler,1-439-756-1735,nulla.interdum@google.com
","Gavin Chandler,1-439-756-1735,nulla.interdum@google.com
",,,,,,,
phone,"Jayme Hobbs,(762) 641-5752,nulla.integer@google.com
","Jayme Hobbs,(762) 641-5752,nulla.integer@google.com
",,,,,,,
phone,"Josephine Sargent,1-574-602-8896,suspendisse@outlook.ca
","Josephine Sargent,1-574-602-8896,suspendisse@outlook.ca
",,,,,,,
phone,"Kuame Atkinson,(791) 667-6023,aenean.gravida@icloud.net
","Kuame Atkinson,(791) 667-6023,aenean.gravida@icloud.net
",,,,,,,
phone,"Katelyn Ayala,(778) 804-6148,hendrerit.a.arcu@aol.com
","Katelyn Ayala,(778) 804-6148,hendrerit.a.arcu@aol.com
",,,,,,,
phone,"Arthur Cruz,(629) 214-9624,ultrices.vivamus.rhoncus@protonmail.net
","Arthur Cruz,(629) 214-9624,ultrices.vivamus.rhoncus@protonmail.net
",,,,,,,
phone,"Cynthia Owen,(327) 422-3285,tellus.phasellus@google.net
","Cynthia Owen,(327) 422-3285,tellus.phasellus@google.net
",,,,,,,
phone,"Joy Davidson,1-124-353-4751,nisi.mauris.nulla@protonmail.edu
","Joy Davidson,1-124-353-4751,nisi.mauris.nulla@protonmail.edu
",,,,,,,
phone,"Stephanie Santos,1-181-686-2596,nec@protonmail.edu
","Stephanie Santos,1-181-686-2596,nec@protonmail.edu
",,,,,,,
phone,"Renee Burt,(614) 406-8013,maecenas.mi@outlook.org
","Renee Burt,(614) 406-8013,maecenas.mi@outlook.org
",,,,,,,
phone,"Devin Hansen,(960) 582-7166,dapibus@hotmail.couk
","Devin Hansen,(960) 582-7166,dapibus@hotmail.couk
",,,,,,,
phone,"Genevieve Guerrero,1-809-598-2180,enim.non@protonmail.ca
","Genevieve Guerrero,1-809-598-2180,enim.non@protonmail.ca
",,,,,,,
phone,"Germaine Fry,(871) 619-7982,rhoncus.proin.nisl@outlook.couk
","Germaine Fry,(871) 619-7982,rhoncus.proin.nisl@outlook.couk
",,,,,,,
phone,"Tobias Noble,(724) 247-2897,duis.mi@yahoo.couk
","Tobias Noble,(724) 247-2897,duis.mi@yahoo.couk
",,,,,,,
phone,"Maris Donaldson,1-782-672-3107,lacinia@protonmail.org
","Maris Donaldson,1-782-672-3107,lacinia@protonmail.org
",,,,,,,
phone,"Christine Berry,(597) 755-4227,vitae.mauris.sit@hotmail.couk
","Christine Berry,(597) 755-4227,vitae.mauris.sit@hotmail.couk
",,,,,,,
phone,"Grace Vaughn,(464) 853-1621,lectus.nullam@google.ca
","Grace Vaughn,(464) 853-1621,lectus.nullam@google.ca
",,,,,,,
phone,"Quin Conrad,(891) 938-4181,aliquam@hotmail.couk
","Quin Conrad,(891) 938-4181,aliquam@hotmail.couk
",,,,,,,
phone,"George Holt,1-538-554-9695,tellus.non@protonmail.ca
","George Holt,1-538-554-9695,tellus.non@protonmail.ca
",,,,,,,
phone,"Samson Lynch,1-335-321-8452,consectetuer@hotmail.net
","Samson Lynch,1-335-321-8452,consectetuer@hotmail.net
",,,,,,,
phone,"Driscoll Vega,1-652-830-2135,iaculis@aol.com
","Driscoll Vega,1-652-830-2135,iaculis@aol.com
",,,,,,,
phone,"Unity Price,1-443-555-1778,nunc.in@yahoo.couk
","Unity Price,1-443-555-1778,nunc.in@yahoo.couk
",,,,,,,
phone,"Fulton Jimenez,1-971-798-1732,nunc.pulvinar@protonmail.ca
","Fulton Jimenez,1-971-798-1732,nunc.pulvinar@protonmail.ca
",,,,,,,
phone,"Halla Peterson,1-453-608-0315,tristique.neque.venenatis@icloud.org
","Halla Peterson,1-453-608-0315,tristique.neque.venenatis@icloud.org
",,,,,,,
phone,"Herman Alford,1-973-778-3416,interdum.enim@yahoo.org
","Herman Alford,1-973-778-3416,interdum.enim@yahoo.org
",,,,,,,
phone,"Colette Sloan,1-813-931-1547,vitae.nibh@outlook.net
","Colette Sloan,1-813-931-1547,vitae.nibh@outlook.net
",,,,,,,
phone,"Melvin Stephenson,(476) 187-6258,augue@google.com
","Melvin Stephenson,(476) 187-6258,augue@google.com
",,,,,,,
phone,"Phillip Kinney,(616) 267-4176,mauris.vel.turpis@yahoo.com
","Phillip Kinney,(616) 267-4176,mauris.vel.turpis@yahoo.com
",,,,,,,
phone,"Justine Klein,(532) 612-0158,nec@google.ca
","Justine Klein,(532) 612-0158,nec@google.ca
",,,,,,,
phone,"Irma HarrisZ‰c¯ 6   6    ]ÝG½ ]ò E  (Ð¼@ €M©¬@¬D@ P®MŒ¼ºP Ÿ?  Z‰c2¯ a  a   ]ò ]ÝG½ E S~R@ @Ûè¬D@¬@ P¼º®MŒPõà¯  ,(371) 241-6403,felis.donec@google.org
","Irma HarrisZ‰c¯ 6   6    ]ÝG½ ]ò E  (Ð¼@ €M©¬@¬D@ P®MŒ¼ºP Ÿ?  Z‰c2¯ a  a   ]ò ]ÝG½ E S~R@ @Ûè¬D@¬@ P¼º®MŒPõà¯  ,(371) 241-6403,felis.donec@google.org
",,,,,,,
phone,"Leah Barron,1-565-566-4228,feugiat@google.net
","Leah Barron,1-565-566-4228,feugiat@google.net
",,,,,,,
phone,"Iris Roberts,1-344-329-6871,nibh.vulputate@icloud.org
","Iris Roberts,1-344-329-6871,nibh.vulputate@icloud.org
",,,,,,,
phone,"Fatima Callahan,(761) 203-6280,sagittis.placerat@icloud.ca
","Fatima Callahan,(761) 203-6280,sagittis.placerat@icloud.ca
",,,,,,,
phone,"Tatum Wynn,1-217-983-8161,aliquam.erat.volutpat@hotmail.couk
","Tatum Wynn,1-217-983-8161,aliquam.erat.volutpat@hotmail.couk
",,,,,,,
phone,"Vaughan Christian,(660) 873-3093,ipsum@outlook.ca
","Vaughan Christian,(660) 873-3093,ipsum@outlook.ca
",,,,,,,
phone,"Avram Allison,(853) 361-5731,vulputate@icloud.net
","Avram Allison,(853) 361-5731,vulputate@icloud.net
",,,,,,,
phone,"Lacota Horton,(714) 664-1563,sit@yahoo.couk
","Lacota Horton,(714) 664-1563,sit@yahoo.couk
",,,,,,,
phone,"Aaron Schultz,1-924-277-4552,semper.tellus.id@google.ca
","Aaron Schultz,1-924-277-4552,semper.tellus.id@google.ca
",,,,,,,
phone,"Cooper Campos,(882) 263-3190,nisi.nibh@yahoo.couk
","Cooper Campos,(882) 263-3190,nisi.nibh@yahoo.couk
",,,,,,,
phone,"Jared Pierce,(423) 938-2079,pellentesque.tellus@yahoo.ca
","Jared Pierce,(423) 938-2079,pellentesque.tellus@yahoo.ca
",,,,,,,
phone,"Wang Little,1-731-731-7810,erat.volutpat@hotmail.net
","Wang Little,1-731-731-7810,erat.volutpat@hotmail.net
",,,,,,,
phone,"Branden Watts,1-657-534-3797,nunc@outlook.com
","Branden Watts,1-657-534-3797,nunc@outlook.com
",,,,,,,
phone,"Cynthia West,(307) 817-7513,facilisis.suspendisse@outlook.couk
","Cynthia West,(307) 817-7513,facilisis.suspendisse@outlook.couk
",,,,,,,
phone,"Sean Black,1-612-274-3088,consectetuer.adipiscing@icloud.edu
","Sean Black,1-612-274-3088,consectetuer.adipiscing@icloud.edu
",,,,,,,
phone,"Sandra Wilkinson,(525) 235-5565,pharetra.sed@icloud.org
","Sandra Wilkinson,(525) 235-5565,pharetra.sed@icloud.org
",,,,,,,
phone,"Vance Farrell,(951) 374-9189,varius.orci.in@icloud.couk
","Vance Farrell,(951) 374-9189,varius.orci.in@icloud.couk
",,,,,,,
phone,"Simon Hooper,1-114-639-9165,tellus.sem.mollis@hotmail.com
","Simon Hooper,1-114-639-9165,tellus.sem.mollis@hotmail.com
",,,,,,,
phone,"Yolanda Patrick,(922) 482-1133,aliquam.enim@google.net
","Yolanda Patrick,(922) 482-1133,aliquam.enim@google.net
",,,,,,,
phone,"Nyssa Francis,(325) 346-2653,mollis.lectus@yahoo.com
","Nyssa Francis,(325) 346-2653,mollis.lectus@yahoo.com
",,,,,,,
email,"Nerea Mcmillan,1-732-968-3273,imperdiet.erat.nonummy@hotmail.edu
","Nerea Mcmillan,1-732-968-3273,imperdiet.erat.nonummy@hotmail.edu
",,,,,,,
email,"Thaddeus Roberts,(393) 635-7325,imperdiet.non.vestibulum@google.couk
","Thaddeus Roberts,(393) 635-7325,imperdiet.non.vestibulum@google.couk
",,,,,,,
email,"Clayton Stanley,1-270-652-4163,sed.tortor@yahoo.org
","Clayton Stanley,1-270-652-4163,sed.tortor@yahoo.org
",,,,,,,
email,"Miriam Vaughn,(847) 710-5343,lectus.rutrum@google.org
","Miriam Vaughn,(847) 710-5343,lectus.rutrum@google.org
",,,,,,,
email,"Neve Lowery,1-378-964-6303,vulputate.ullamcorper@hotmail.couk
","Neve Lowery,1-378-964-6303,vulputate.ullamcorper@hotmail.couk
",,,,,,,
email,"Ronan Gomez,1-375-667-7688,mi.eleifend@icloud.com
","Ronan Gomez,1-375-667-7688,mi.eleifend@icloud.com
",,,,,,,
email,"Hilda Hutchinson,(276) 432-3237,nunc.in.at@yahoo.edu
","Hilda Hutchinson,(276) 432-3237,nunc.in.at@yahoo.edu
",,,,,,,
email,"Kyra Williamson,1-113-211-3240,justo.proin.non@hotmail.net
","Kyra Williamson,1-113-211-3240,justo.proin.non@hotmail.net
",,,,,,,
email,"Raya Coleman,(939) 635-0676,eu.odio.phasellus@outlook.edu
","Raya Coleman,(939) 635-0676,eu.odio.phasellus@outlook.edu
",,,,,,,
email,"Jada Rodriguez,(735) 325-1223,vel@icloud.edu
","Jada Rodriguez,(735) 325-1223,vel@icloud.edu
",,,,,,,
email,"Leo Clay,(299) 722-2702,tincidunt.congue.turpis@aol.com
","Leo Clay,(299) 722-2702,tincidunt.congue.turpis@aol.com
",,,,,,,
email,"Lacota Kelly,1-948-556-1505,magna.tellus.faucibus@yahoo.edu
","Lacota Kelly,1-948-556-1505,magna.tellus.faucibus@yahoo.edu
",,,,,,,
email,"Gabriel Sharp,1-641-848-6731,maecenas.ornare@aol.couk
","Gabriel Sharp,1-641-848-6731,maecenas.ornare@aol.couk
",,,,,,,
email,"Aidan Nichols,(350) 625-5672,luctus.ipsum.leo@aol.ca
","Aidan Nichols,(350) 625-5672,luctus.ipsum.leo@aol.ca
",,,,,,,
email,"Jael Atkinson,(427) 459-2113,iaculis.quis@protonmail.couk
","Jael Atkinson,(427) 459-2113,iaculis.quis@protonmail.couk
",,,,,,,
email,"Cade Jensen,1-422-844-8498,magna.phasellus@protonmail.com
","Cade Jensen,1-422-844-8498,magna.phasellus@protonmail.com
",,,,,,,
email,"Gary Wynn,(747) 863-2624,fermentum.vel@yahoo.org
","Gary Wynn,(747) 863-2624,fermentum.vel@yahoo.org
",,,,,,,
email,"Kelsie Hurst,(335) 622-2662,vulputate.dui@icloud.couk
","Kelsie Hurst,(335) 622-2662,vulputate.dui@icloud.couk
",,,,,,,
email,"Hiroko Roach,1-604-254-9647,lacinia@outlook.net
","Hiroko Roach,1-604-254-9647,lacinia@outlook.net
",,,,,,,
email,"Kiona Warner,(617) 144-6455,iaculis.odio.nam@google.ca
","Kiona Warner,(617) 144-6455,iaculis.odio.nam@google.ca
",,,,,,,
email,"Candace Roy,1-415-851-4139,malesuada@outlook.ca
","Candace Roy,1-415-851-4139,malesuada@outlook.ca
",,,,,,,
email,"Blake Randall,(359) 216-4775,vitae.odio@protonmail.net
","Blake Randall,(359) 216-4775,vitae.odio@protonmail.net
",,,,,,,
email,"Haley Chase,(215) 392-0511,phasellus.dapibus.quam@aol.ca
","Haley Chase,(215) 392-0511,phasellus.dapibus.quam@aol.ca
",,,,,,,
email,"Asher Bean,(167) 569-7767,ac.mi@yahoo.ca
","Asher Bean,(167) 569-7767,ac.mi@yahoo.ca
",,,,,,,
email,"Amethyst Wynn,(526) 255-6679,sed.dolor@yahoo.edu
","Amethyst Wynn,(526) 255-6679,sed.dolor@yahoo.edu
",,,,,,,
email,"Ignatius Mack,1-882-322-4773,mauris.rhoncus@aol.com
","Ignatius Mack,1-882-322-4773,mauris.rhoncus@aol.com
",,,,,,,
email,"Reece Cooper,(979) 972-6782,iaculis.quis.pede@aol.edu
","Reece Cooper,(979) 972-6782,iaculis.quis.pede@aol.edu
",,,,,,,
email,"Oliver Hinton,1-150-724-5860,eu.dolor@outlook.net
","Oliver Hinton,1-150-724-5860,eu.dolor@outlook.net
",,,,,,,
email,"Sawyer Bird,(321) 252-6051,dui.fusce@yahoo.com
","Sawyer Bird,(321) 252-6051,dui.fusce@yahoo.com
",,,,,,,
email,"Abbot Anthony,1-747-711-7223,velit@icloud.com
","Abbot Anthony,1-747-711-7223,velit@icloud.com
",,,,,,,
email,"Grace House,(512) 592-3484,posuere.at@protonmail.couk
","Grace House,(512) 592-3484,posuere.at@protonmail.couk
",,,,,,,
email,"Neil Navarro,(124) 212-2547,nec@outlook.edu
","Neil Navarro,(124) 212-2547,nec@outlook.edu
",,,,,,,
email,"Jenna Carson,1-476-666-7426,nunc.sollicitudin@yahoo.org
","Jenna Carson,1-476-666-7426,nunc.sollicitudin@yahoo.org
",,,,,,,
email,"Macey Davenport,(361) 577-8934,nec.ante@hotmail.org
","Macey Davenport,(361) 577-8934,nec.ante@hotmail.org
",,,,,,,
email,"Gabriel Jacobson,1-593-218-4181,enim.consequat@icloud.com
","Gabriel Jacobson,1-593-218-4181,enim.consequat@icloud.com
",,,,,,,
email,"Evan Acevedo,(871) 496-5775,lobortis.augue.scelerisque@outlook.com
","Evan Acevedo,(871) 496-5775,lobortis.augue.scelerisque@outlook.com
",,,,,,,
email,"Chandler Velez,(227) 760-3116,magna.nam.ligula@aol.couk
","Chandler Velez,(227) 760-3116,magna.nam.ligula@aol.couk
",,,,,,,
email,"Aaron Gilmore,1-141-286-7027,at.auctor@icloud.edu
","Aaron Gilmore,1-141-286-7027,at.auctor@icloud.edu
",,,,,,,
email,"Illana Vasquez,1-865-379-2854,mi.enim@aol.org
","Illana Vasquez,1-865-379-2854,mi.enim@aol.org
",,,,,,,
email,"Willow Andrews,(716) 934-7248,lorem.ipsum.sodales@aol.ca
","Willow Andrews,(716) 934-7248,lorem.ipsum.sodales@aol.ca
",,,,,,,
email,"Brenda Emerson,1-467-816-2284,metus.facilisis.lorem@hotmail.org
","Brenda Emerson,1-467-816-2284,metus.facilisis.lorem@hotmail.org
",,,,,,,
email,"Aquila Peterson,1-267-893-5059,in@protonmail.ca
","Aquila Peterson,1-267-893-5059,in@protonmail.ca
",,,,,,,
email,"Axel Reid,(468) 646-3648,fusce.mollis.duis@icloud.ca
","Axel Reid,(468) 646-3648,fusce.mollis.duis@icloud.ca
",,,,,,,
email,"Magee Macdonald,(167) 230-4806,lectus.quis.massa@icloud.com
","Magee Macdonald,(167) 230-4806,lectus.quis.massa@icloud.com
",,,,,,,
email,"Helen Mccarty,(631) 846-2834,lorem.luctus.ut@hotmail.edu
","Helen Mccarty,(631) 846-2834,lorem.luctus.ut@hotmail.edu
",,,,,,,
email,"Mufutau Acevedo,(764) 257-6324,ligula.eu.enim@google.couk
","Mufutau Acevedo,(764) 257-6324,ligula.eu.enim@google.couk
",,,,,,,
email,"Vance Cochran,1-205-499-5332,cursus.vestibulum@google.edu
","Vance Cochran,1-205-499-5332,cursus.vestibulum@google.edu
",,,,,,,
email,"Ina Graham,1-283-446-4866,sapien.imperdiet.ornare@protonmail.org
","Ina Graham,1-283-446-4866,sapien.imperdiet.ornare@protonmail.org
",,,,,,,
email,"Cora Contreras,1-232-886-8378,nibh.enim.gravida@icloud.org
","Cora Contreras,1-232-886-8378,nibh.enim.gravida@icloud.org
",,,,,,,
email,"Inga Valencia,(881) 356-5478,vitae.erat.vivamus@outlook.org
","Inga Valencia,(881) 356-5478,vitae.erat.vivamus@outlook.org
",,,,,,,
email,"Amber Perry,(817) 627-5688,dui.nec.urna@protonmail.com
","Amber Perry,(817) 627-5688,dui.nec.urna@protonmail.com
",,,,,,,
email,"Gavin Chandler,1-439-756-1735,nulla.interdum@google.com
","Gavin Chandler,1-439-756-1735,nulla.interdum@google.com
",,,,,,,
email,"Jayme Hobbs,(762) 641-5752,nulla.integer@google.com
","Jayme Hobbs,(762) 641-5752,nulla.integer@google.com
",,,,,,,
email,"Josephine Sargent,1-574-602-8896,suspendisse@outlook.ca
","Josephine Sargent,1-574-602-8896,suspendisse@outlook.ca
",,,,,,,
email,"Kuame Atkinson,(791) 667-6023,aenean.gravida@icloud.net
","Kuame Atkinson,(791) 667-6023,aenean.gravida@icloud.net
",,,,,,,
email,"Katelyn Ayala,(778) 804-6148,hendrerit.a.arcu@aol.com
","Katelyn Ayala,(778) 804-6148,hendrerit.a.arcu@aol.com
",,,,,,,
email,"Arthur Cruz,(629) 214-9624,ultrices.vivamus.rhoncus@protonmail.net
","Arthur Cruz,(629) 214-9624,ultrices.vivamus.rhoncus@protonmail.net
",,,,,,,
email,"Cynthia Owen,(327) 422-3285,tellus.phasellus@google.net
","Cynthia Owen,(327) 422-3285,tellus.phasellus@google.net
",,,,,,,
email,"Joy Davidson,1-124-353-4751,nisi.mauris.nulla@protonmail.edu
","Joy Davidson,1-124-353-4751,nisi.mauris.nulla@protonmail.edu
",,,,,,,
email,"Stephanie Santos,1-181-686-2596,nec@protonmail.edu
","Stephanie Santos,1-181-686-2596,nec@protonmail.edu
",,,,,,,
email,"Renee Burt,(614) 406-8013,maecenas.mi@outlook.org
","Renee Burt,(614) 406-8013,maecenas.mi@outlook.org
",,,,,,,
email,"Devin Hansen,(960) 582-7166,dapibus@hotmail.couk
","Devin Hansen,(960) 582-7166,dapibus@hotmail.couk
",,,,,,,
email,"Genevieve Guerrero,1-809-598-2180,enim.non@protonmail.ca
","Genevieve Guerrero,1-809-598-2180,enim.non@protonmail.ca
",,,,,,,
email,"Germaine Fry,(871) 619-7982,rhoncus.proin.nisl@outlook.couk
","Germaine Fry,(871) 619-7982,rhoncus.proin.nisl@outlook.couk
",,,,,,,
email,"Tobias Noble,(724) 247-2897,duis.mi@yahoo.couk
","Tobias Noble,(724) 247-2897,duis.mi@yahoo.couk
",,,,,,,
email,"Maris Donaldson,1-782-672-3107,lacinia@protonmail.org
","Maris Donaldson,1-782-672-3107,lacinia@protonmail.org
",,,,,,,
email,"Christine Berry,(597) 755-4227,vitae.mauris.sit@hotmail.couk
","Christine Berry,(597) 755-4227,vitae.mauris.sit@hotmail.couk
",,,,,,,
email,"Grace Vaughn,(464) 853-1621,lectus.nullam@google.ca
","Grace Vaughn,(464) 853-1621,lectus.nullam@google.ca
",,,,,,,
email,"Quin Conrad,(891) 938-4181,aliquam@hotmail.couk
","Quin Conrad,(891) 938-4181,aliquam@hotmail.couk
",,,,,,,
email,"George Holt,1-538-554-9695,tellus.non@protonmail.ca
","George Holt,1-538-554-9695,tellus.non@protonmail.ca
",,,,,,,
email,"Samson Lynch,1-335-321-8452,consectetuer@hotmail.net
","Samson Lynch,1-335-321-8452,consectetuer@hotmail.net
",,,,,,,
email,"Driscoll Vega,1-652-830-2135,iaculis@aol.com
","Driscoll Vega,1-652-830-2135,iaculis@aol.com
",,,,,,,
email,"Unity Price,1-443-555-1778,nunc.in@yahoo.couk
","Unity Price,1-443-555-1778,nunc.in@yahoo.couk
",,,,,,,
email,"Fulton Jimenez,1-971-798-1732,nunc.pulvinar@protonmail.ca
","Fulton Jimenez,1-971-798-1732,nunc.pulvinar@protonmail.ca
",,,,,,,
email,"Halla Peterson,1-453-608-0315,tristique.neque.venenatis@icloud.org
","Halla Peterson,1-453-608-0315,tristique.neque.venenatis@icloud.org
",,,,,,,
email,"Herman Alford,1-973-778-3416,interdum.enim@yahoo.org
","Herman Alford,1-973-778-3416,interdum.enim@yahoo.org
",,,,,,,
email,"Colette Sloan,1-813-931-1547,vitae.nibh@outlook.net
","Colette Sloan,1-813-931-1547,vitae.nibh@outlook.net
",,,,,,,
email,"Melvin Stephenson,(476) 187-6258,augue@google.com
","Melvin Stephenson,(476) 187-6258,augue@google.com
",,,,,,,
email,"Phillip Kinney,(616) 267-4176,mauris.vel.turpis@yahoo.com
","Phillip Kinney,(616) 267-4176,mauris.vel.turpis@yahoo.com
",,,,,,,
email,"Justine Klein,(532) 612-0158,nec@google.ca
","Justine Klein,(532) 612-0158,nec@google.ca
",,,,,,,
email,"Irma HarrisZ‰c¯ 6   6    ]ÝG½ ]ò E  (Ð¼@ €M©¬@¬D@ P®MŒ¼ºP Ÿ?  Z‰c2¯ a  a   ]ò ]ÝG½ E S~R@ @Ûè¬D@¬@ P¼º®MŒPõà¯  ,(371) 241-6403,felis.donec@google.org
","Irma HarrisZ‰c¯ 6   6    ]ÝG½ ]ò E  (Ð¼@ €M©¬@¬D@ P®MŒ¼ºP Ÿ?  Z‰c2¯ a  a   ]ò ]ÝG½ E S~R@ @Ûè¬D@¬@ P¼º®MŒPõà¯  ,(371) 241-6403,felis.donec@google.org
",,,,,,,
email,"Leah Barron,1-565-566-4228,feugiat@google.net
","Leah Barron,1-565-566-4228,feugiat@google.net
",,,,,,,
email,"Iris Roberts,1-344-329-6871,nibh.vulputate@icloud.org
","Iris Roberts,1-344-329-6871,nibh.vulputate@icloud.org
",,,,,,,
email,"Fatima Callahan,(761) 203-6280,sagittis.placerat@icloud.ca
","Fatima Callahan,(761) 203-6280,sagittis.placerat@icloud.ca
",,,,,,,
email,"Tatum Wynn,1-217-983-8161,aliquam.erat.volutpat@hotmail.couk
","Tatum Wynn,1-217-983-8161,aliquam.erat.volutpat@hotmail.couk
",,,,,,,
email,"Vaughan Christian,(660) 873-3093,ipsum@outlook.ca
","Vaughan Christian,(660) 873-3093,ipsum@outlook.ca
",,,,,,,
email,"Avram Allison,(853) 361-5731,vulputate@icloud.net
","Avram Allison,(853) 361-5731,vulputate@icloud.net
",,,,,,,
email,"Lacota Horton,(714) 664-1563,sit@yahoo.couk
","Lacota Horton,(714) 664-1563,sit@yahoo.couk
",,,,,,,
email,"Aaron Schultz,1-924-277-4552,semper.tellus.id@google.ca
","Aaron Schultz,1-924-277-4552,semper.tellus.id@google.ca
",,,,,,,
email,"Cooper Campos,(882) 263-3190,nisi.nibh@yahoo.couk
","Cooper Campos,(882) 263-3190,nisi.nibh@yahoo.couk
",,,,,,,
email,"Jared Pierce,(423) 938-2079,pellentesque.tellus@yahoo.ca
","Jared Pierce,(423) 938-2079,pellentesque.tellus@yahoo.ca
",,,,,,,
email,"Wang Little,1-731-731-7810,erat.volutpat@hotmail.net
","Wang Little,1-731-731-7810,erat.volutpat@hotmail.net
",,,,,,,
email,"Branden Watts,1-657-534-3797,nunc@outlook.com
","Branden Watts,1-657-534-3797,nunc@outlook.com
",,,,,,,
email,"Cynthia West,(307) 817-7513,facilisis.suspendisse@outlook.couk
","Cynthia West,(307) 817-7513,facilisis.suspendisse@outlook.couk
",,,,,,,
email,"Sean Black,1-612-274-3088,consectetuer.adipiscing@icloud.edu
","Sean Black,1-612-274-3088,consectetuer.adipiscing@icloud.edu
",,,,,,,
email,"Sandra Wilkinson,(525) 235-5565,pharetra.sed@icloud.org
","Sandra Wilkinson,(525) 235-5565,pharetra.sed@icloud.org
",,,,,,,
email,"Vance Farrell,(951) 374-9189,varius.orci.in@icloud.couk
","Vance Farrell,(951) 374-9189,varius.orci.in@icloud.couk
",,,,,,,
email,"Simon Hooper,1-114-639-9165,tellus.sem.mollis@hotmail.com
","Simon Hooper,1-114-639-9165,tellus.sem.mollis@hotmail.com
",,,,,,,
email,"Yolanda Patrick,(922) 482-1133,aliquam.enim@google.net
","Yolanda Patrick,(922) 482-1133,aliquam.enim@google.net
",,,,,,,
email,"Nyssa Francis,(325) 346-2653,mollis.lectus@yahoo.com
","Nyssa Francis,(325) 346-2653,mollis.lectus@yahoo.com
",,,,,,,
name,"ÔÃ²¡                Z‰c› B   B    ]ÝG½ ]ò E  4Ð¹@ €M ¬@¬D@ P®MŠe    €úðZ#  ´Z‰c¿› B   B    ]ò ]ÝG½ E  4  @ @^Z¬D@¬@ P¼ºB®MŠf€úðÜ  ´Z‰cêœ 6   6    ]ÝG½ ]ò E  (Ðº@ €M«¬@¬D@ P®MŠf¼ºCP ²Å  Z‰cµ æ  æ   ]ÝG½ ]ò E ØÐ»@ €Kú¬@¬D@ P®MŠf¼ºCP Ò/  GET /1.csv HTTP/1.1
","ÔÃ²¡                Z‰c› B   B    ]ÝG½ ]ò E  4Ð¹@ €M ¬@¬D@ P®MŠe    €úðZ#  ´Z‰c¿› B   B    ]ò ]ÝG½ E  4  @ @^Z¬D@¬@ P¼ºB®MŠf€úðÜ  ´Z‰cêœ 6   6    ]ÝG½ ]ò E  (Ðº@ €M«¬@¬D@ P®MŠf¼ºCP ²Å  Z‰cµ æ  æ   ]ÝG½ ]ò E ØÐ»@ €Kú¬@¬D@ P®MŠf¼ºCP Ò/  GET /1.csv HTTP/1.1
",,,,,,,
name,"User-Agent: Mozilla/5.0 (Windows NT 10.0; Win64; x64) AppleWebKit/537.36 (KHTML, like Gecko) Chrome/107.0.0.0 Safari/537.36
","User-Agent: Mozilla/5.0 (Windows NT 10.0; Win64; x64) AppleWebKit/537.36 (KHTML, like Gecko) Chrome/107.0.0.0 Safari/537.36
",,,,,,,
name,"Nerea Mcmillan,1-732-968-3273,imperdiet.erat.nonummy@hotmail.edu
","Nerea Mcmillan,1-732-968-3273,imperdiet.erat.nonummy@hotmail.edu
",,,,,,,
name,"Thaddeus Roberts,(393) 635-7325,imperdiet.non.vestibulum@google.couk
","Thaddeus Roberts,(393) 635-7325,imperdiet.non.vestibulum@google.couk
",,,,,,,
name,"Clayton Stanley,1-270-652-4163,sed.tortor@yahoo.org
","Clayton Stanley,1-270-652-4163,sed.tortor@yahoo.org
",,,,,,,
name,"Miriam Vaughn,(847) 710-5343,lectus.rutrum@google.org
","Miriam Vaughn,(847) 710-5343,lectus.rutrum@google.org
",,,,,,,
name,"Neve Lowery,1-378-964-6303,vulputate.ullamcorper@hotmail.couk
","Neve Lowery,1-378-964-6303,vulputate.ullamcorper@hotmail.couk
",,,,,,,
name,"Ronan Gomez,1-375-667-7688,mi.eleifend@icloud.com
","Ronan Gomez,1-375-667-7688,mi.eleifend@icloud.com
",,,,,,,
name,"Hilda Hutchinson,(276) 432-3237,nunc.in.at@yahoo.edu
","Hilda Hutchinson,(276) 432-3237,nunc.in.at@yahoo.edu
",,,,,,,
name,"Kyra Williamson,1-113-211-3240,justo.proin.non@hotmail.net
","Kyra Williamson,1-113-211-3240,justo.proin.non@hotmail.net
",,,,,,,
name,"Raya Coleman,(939) 635-0676,eu.odio.phasellus@outlook.edu
","Raya Coleman,(939) 635-0676,eu.odio.phasellus@outlook.edu
",,,,,,,
name,"Jada Rodriguez,(735) 325-1223,vel@icloud.edu
","Jada Rodriguez,(735) 325-1223,vel@icloud.edu
",,,,,,,
name,"Leo Clay,(299) 722-2702,tincidunt.congue.turpis@aol.com
","Leo Clay,(299) 722-2702,tincidunt.congue.turpis@aol.com
",,,,,,,
name,"Lacota Kelly,1-948-556-1505,magna.tellus.faucibus@yahoo.edu
","Lacota Kelly,1-948-556-1505,magna.tellus.faucibus@yahoo.edu
",,,,,,,
name,"Gabriel Sharp,1-641-848-6731,maecenas.ornare@aol.couk
","Gabriel Sharp,1-641-848-6731,maecenas.ornare@aol.couk
",,,,,,,
name,"Aidan Nichols,(350) 625-5672,luctus.ipsum.leo@aol.ca
","Aidan Nichols,(350) 625-5672,luctus.ipsum.leo@aol.ca
",,,,,,,
name,"Jael Atkinson,(427) 459-2113,iaculis.quis@protonmail.couk
","Jael Atkinson,(427) 459-2113,iaculis.quis@protonmail.couk
",,,,,,,
name,"Cade Jensen,1-422-844-8498,magna.phasellus@protonmail.com
","Cade Jensen,1-422-844-8498,magna.phasellus@protonmail.com
",,,,,,,
name,"Gary Wynn,(747) 863-2624,fermentum.vel@yahoo.org
","Gary Wynn,(747) 863-2624,fermentum.vel@yahoo.org
",,,,,,,
name,"Kelsie Hurst,(335) 622-2662,vulputate.dui@icloud.couk
","Kelsie Hurst,(335) 622-2662,vulputate.dui@icloud.couk
",,,,,,,
name,"Hiroko Roach,1-604-254-9647,lacinia@outlook.net
","Hiroko Roach,1-604-254-9647,lacinia@outlook.net
",,,,,,,
name,"Kiona Warner,(617) 144-6455,iaculis.odio.nam@google.ca
","Kiona Warner,(617) 144-6455,iaculis.odio.nam@google.ca
",,,,,,,
name,"Candace Roy,1-415-851-4139,malesuada@outlook.ca
","Candace Roy,1-415-851-4139,malesuada@outlook.ca
",,,,,,,
name,"Blake Randall,(359) 216-4775,vitae.odio@protonmail.net
","Blake Randall,(359) 216-4775,vitae.odio@protonmail.net
",,,,,,,
name,"Haley Chase,(215) 392-0511,phasellus.dapibus.quam@aol.ca
","Haley Chase,(215) 392-0511,phasellus.dapibus.quam@aol.ca
",,,,,,,
name,"Asher Bean,(167) 569-7767,ac.mi@yahoo.ca
","Asher Bean,(167) 569-7767,ac.mi@yahoo.ca
",,,,,,,
name,"Amethyst Wynn,(526) 255-6679,sed.dolor@yahoo.edu
","Amethyst Wynn,(526) 255-6679,sed.dolor@yahoo.edu
",,,,,,,
name,"Ignatius Mack,1-882-322-4773,mauris.rhoncus@aol.com
","Ignatius Mack,1-882-322-4773,mauris.rhoncus@aol.com
",,,,,,,
name,"Reece Cooper,(979) 972-6782,iaculis.quis.pede@aol.edu
","Reece Cooper,(979) 972-6782,iaculis.quis.pede@aol.edu
",,,,,,,
name,"Oliver Hinton,1-150-724-5860,eu.dolor@outlook.net
","Oliver Hinton,1-150-724-5860,eu.dolor@outlook.net
",,,,,,,
name,"Sawyer Bird,(321) 252-6051,dui.fusce@yahoo.com
","Sawyer Bird,(321) 252-6051,dui.fusce@yahoo.com
",,,,,,,
name,"Abbot Anthony,1-747-711-7223,velit@icloud.com
","Abbot Anthony,1-747-711-7223,velit@icloud.com
",,,,,,,
name,"Grace House,(512) 592-3484,posuere.at@protonmail.couk
","Grace House,(512) 592-3484,posuere.at@protonmail.couk
",,,,,,,
name,"Neil Navarro,(124) 212-2547,nec@outlook.edu
","Neil Navarro,(124) 212-2547,nec@outlook.edu
",,,,,,,
name,"Jenna Carson,1-476-666-7426,nunc.sollicitudin@yahoo.org
","Jenna Carson,1-476-666-7426,nunc.sollicitudin@yahoo.org
",,,,,,,
name,"Macey Davenport,(361) 577-8934,nec.ante@hotmail.org
","Macey Davenport,(361) 577-8934,nec.ante@hotmail.org
",,,,,,,
name,"Gabriel Jacobson,1-593-218-4181,enim.consequat@icloud.com
","Gabriel Jacobson,1-593-218-4181,enim.consequat@icloud.com
",,,,,,,
name,"Evan Acevedo,(871) 496-5775,lobortis.augue.scelerisque@outlook.com
","Evan Acevedo,(871) 496-5775,lobortis.augue.scelerisque@outlook.com
",,,,,,,
name,"Chandler Velez,(227) 760-3116,magna.nam.ligula@aol.couk
","Chandler Velez,(227) 760-3116,magna.nam.ligula@aol.couk
",,,,,,,
name,"Aaron Gilmore,1-141-286-7027,at.auctor@icloud.edu
","Aaron Gilmore,1-141-286-7027,at.auctor@icloud.edu
",,,,,,,
name,"Illana Vasquez,1-865-379-2854,mi.enim@aol.org
","Illana Vasquez,1-865-379-2854,mi.enim@aol.org
",,,,,,,
name,"Willow Andrews,(716) 934-7248,lorem.ipsum.sodales@aol.ca
","Willow Andrews,(716) 934-7248,lorem.ipsum.sodales@aol.ca
",,,,,,,
name,"Brenda Emerson,1-467-816-2284,metus.facilisis.lorem@hotmail.org
","Brenda Emerson,1-467-816-2284,metus.facilisis.lorem@hotmail.org
",,,,,,,
name,"Aquila Peterson,1-267-893-5059,in@protonmail.ca
","Aquila Peterson,1-267-893-5059,in@protonmail.ca
",,,,,,,
name,"Axel Reid,(468) 646-3648,fusce.mollis.duis@icloud.ca
","Axel Reid,(468) 646-3648,fusce.mollis.duis@icloud.ca
",,,,,,,
name,"Magee Macdonald,(167) 230-4806,lectus.quis.massa@icloud.com
","Magee Macdonald,(167) 230-4806,lectus.quis.massa@icloud.com
",,,,,,,
name,"Helen Mccarty,(631) 846-2834,lorem.luctus.ut@hotmail.edu
","Helen Mccarty,(631) 846-2834,lorem.luctus.ut@hotmail.edu
",,,,,,,
name,"Mufutau Acevedo,(764) 257-6324,ligula.eu.enim@google.couk
","Mufutau Acevedo,(764) 257-6324,ligula.eu.enim@google.couk
",,,,,,,
name,"Vance Cochran,1-205-499-5332,cursus.vestibulum@google.edu
","Vance Cochran,1-205-499-5332,cursus.vestibulum@google.edu
",,,,,,,
name,"Ina Graham,1-283-446-4866,sapien.imperdiet.ornare@protonmail.org
","Ina Graham,1-283-446-4866,sapien.imperdiet.ornare@protonmail.org
",,,,,,,
name,"Cora Contreras,1-232-886-8378,nibh.enim.gravida@icloud.org
","Cora Contreras,1-232-886-8378,nibh.enim.gravida@icloud.org
",,,,,,,
name,"Inga Valencia,(881) 356-5478,vitae.erat.vivamus@outlook.org
","Inga Valencia,(881) 356-5478,vitae.erat.vivamus@outlook.org
",,,,,,,
name,"Amber Perry,(817) 627-5688,dui.nec.urna@protonmail.com
","Amber Perry,(817) 627-5688,dui.nec.urna@protonmail.com
",,,,,,,
name,"Gavin Chandler,1-439-756-1735,nulla.interdum@google.com
","Gavin Chandler,1-439-756-1735,nulla.interdum@google.com
",,,,,,,
name,"Jayme Hobbs,(762) 641-5752,nulla.integer@google.com
","Jayme Hobbs,(762) 641-5752,nulla.integer@google.com
",,,,,,,
name,"Josephine Sargent,1-574-602-8896,suspendisse@outlook.ca
","Josephine Sargent,1-574-602-8896,suspendisse@outlook.ca
",,,,,,,
name,"Kuame Atkinson,(791) 667-6023,aenean.gravida@icloud.net
","Kuame Atkinson,(791) 667-6023,aenean.gravida@icloud.net
",,,,,,,
name,"Katelyn Ayala,(778) 804-6148,hendrerit.a.arcu@aol.com
","Katelyn Ayala,(778) 804-6148,hendrerit.a.arcu@aol.com
",,,,,,,
name,"Arthur Cruz,(629) 214-9624,ultrices.vivamus.rhoncus@protonmail.net
","Arthur Cruz,(629) 214-9624,ultrices.vivamus.rhoncus@protonmail.net
",,,,,,,
name,"Cynthia Owen,(327) 422-3285,tellus.phasellus@google.net
","Cynthia Owen,(327) 422-3285,tellus.phasellus@google.net
",,,,,,,
name,"Joy Davidson,1-124-353-4751,nisi.mauris.nulla@protonmail.edu
","Joy Davidson,1-124-353-4751,nisi.mauris.nulla@protonmail.edu
",,,,,,,
name,"Stephanie Santos,1-181-686-2596,nec@protonmail.edu
","Stephanie Santos,1-181-686-2596,nec@protonmail.edu
",,,,,,,
name,"Renee Burt,(614) 406-8013,maecenas.mi@outlook.org
","Renee Burt,(614) 406-8013,maecenas.mi@outlook.org
",,,,,,,
name,"Devin Hansen,(960) 582-7166,dapibus@hotmail.couk
","Devin Hansen,(960) 582-7166,dapibus@hotmail.couk
",,,,,,,
name,"Genevieve Guerrero,1-809-598-2180,enim.non@protonmail.ca
","Genevieve Guerrero,1-809-598-2180,enim.non@protonmail.ca
",,,,,,,
name,"Germaine Fry,(871) 619-7982,rhoncus.proin.nisl@outlook.couk
","Germaine Fry,(871) 619-7982,rhoncus.proin.nisl@outlook.couk
",,,,,,,
name,"Tobias Noble,(724) 247-2897,duis.mi@yahoo.couk
","Tobias Noble,(724) 247-2897,duis.mi@yahoo.couk
",,,,,,,
name,"Maris Donaldson,1-782-672-3107,lacinia@protonmail.org
","Maris Donaldson,1-782-672-3107,lacinia@protonmail.org
",,,,,,,
name,"Christine Berry,(597) 755-4227,vitae.mauris.sit@hotmail.couk
","Christine Berry,(597) 755-4227,vitae.mauris.sit@hotmail.couk
",,,,,,,
name,"Grace Vaughn,(464) 853-1621,lectus.nullam@google.ca
","Grace Vaughn,(464) 853-1621,lectus.nullam@google.ca
",,,,,,,
name,"Quin Conrad,(891) 938-4181,aliquam@hotmail.couk
","Quin Conrad,(891) 938-4181,aliquam@hotmail.couk
",,,,,,,
name,"George Holt,1-538-554-9695,tellus.non@protonmail.ca
","George Holt,1-538-554-9695,tellus.non@protonmail.ca
",,,,,,,
name,"Samson Lynch,1-335-321-8452,consectetuer@hotmail.net
","Samson Lynch,1-335-321-8452,consectetuer@hotmail.net
",,,,,,,
name,"Driscoll Vega,1-652-830-2135,iaculis@aol.com
","Driscoll Vega,1-652-830-2135,iaculis@aol.com
",,,,,,,
name,"Unity Price,1-443-555-1778,nunc.in@yahoo.couk
","Unity Price,1-443-555-1778,nunc.in@yahoo.couk
",,,,,,,
name,"Fulton Jimenez,1-971-798-1732,nunc.pulvinar@protonmail.ca
","Fulton Jimenez,1-971-798-1732,nunc.pulvinar@protonmail.ca
",,,,,,,
name,"Halla Peterson,1-453-608-0315,tristique.neque.venenatis@icloud.org
","Halla Peterson,1-453-608-0315,tristique.neque.venenatis@icloud.org
",,,,,,,
name,"Herman Alford,1-973-778-3416,interdum.enim@yahoo.org
","Herman Alford,1-973-778-3416,interdum.enim@yahoo.org
",,,,,,,
name,"Colette Sloan,1-813-931-1547,vitae.nibh@outlook.net
","Colette Sloan,1-813-931-1547,vitae.nibh@outlook.net
",,,,,,,
name,"Melvin Stephenson,(476) 187-6258,augue@google.com
","Melvin Stephenson,(476) 187-6258,augue@google.com
",,,,,,,
name,"Phillip Kinney,(616) 267-4176,mauris.vel.turpis@yahoo.com
","Phillip Kinney,(616) 267-4176,mauris.vel.turpis@yahoo.com
",,,,,,,
name,"Justine Klein,(532) 612-0158,nec@google.ca
","Justine Klein,(532) 612-0158,nec@google.ca
",,,,,,,
name,"Irma HarrisZ‰c¯ 6   6    ]ÝG½ ]ò E  (Ð¼@ €M©¬@¬D@ P®MŒ¼ºP Ÿ?  Z‰c2¯ a  a   ]ò ]ÝG½ E S~R@ @Ûè¬D@¬@ P¼º®MŒPõà¯  ,(371) 241-6403,felis.donec@google.org
","Irma HarrisZ‰c¯ 6   6    ]ÝG½ ]ò E  (Ð¼@ €M©¬@¬D@ P®MŒ¼ºP Ÿ?  Z‰c2¯ a  a   ]ò ]ÝG½ E S~R@ @Ûè¬D@¬@ P¼º®MŒPõà¯  ,(371) 241-6403,felis.donec@google.org
",,,,,,,
name,"Leah Barron,1-565-566-4228,feugiat@google.net
","Leah Barron,1-565-566-4228,feugiat@google.net
",,,,,,,
name,"Iris Roberts,1-344-329-6871,nibh.vulputate@icloud.org
","Iris Roberts,1-344-329-6871,nibh.vulputate@icloud.org
",,,,,,,
name,"Fatima Callahan,(761) 203-6280,sagittis.placerat@icloud.ca
","Fatima Callahan,(761) 203-6280,sagittis.placerat@icloud.ca
",,,,,,,
name,"Tatum Wynn,1-217-983-8161,aliquam.erat.volutpat@hotmail.couk
","Tatum Wynn,1-217-983-8161,aliquam.erat.volutpat@hotmail.couk
",,,,,,,
name,"Vaughan Christian,(660) 873-3093,ipsum@outlook.ca
","Vaughan Christian,(660) 873-3093,ipsum@outlook.ca
",,,,,,,
name,"Avram Allison,(853) 361-5731,vulputate@icloud.net
","Avram Allison,(853) 361-5731,vulputate@icloud.net
",,,,,,,
name,"Lacota Horton,(714) 664-1563,sit@yahoo.couk
","Lacota Horton,(714) 664-1563,sit@yahoo.couk
",,,,,,,
name,"Aaron Schultz,1-924-277-4552,semper.tellus.id@google.ca
","Aaron Schultz,1-924-277-4552,semper.tellus.id@google.ca
",,,,,,,
name,"Cooper Campos,(882) 263-3190,nisi.nibh@yahoo.couk
","Cooper Campos,(882) 263-3190,nisi.nibh@yahoo.couk
",,,,,,,
name,"Jared Pierce,(423) 938-2079,pellentesque.tellus@yahoo.ca
","Jared Pierce,(423) 938-2079,pellentesque.tellus@yahoo.ca
",,,,,,,
name,"Wang Little,1-731-731-7810,erat.volutpat@hotmail.net
","Wang Little,1-731-731-7810,erat.volutpat@hotmail.net
",,,,,,,
name,"Branden Watts,1-657-534-3797,nunc@outlook.com
","Branden Watts,1-657-534-3797,nunc@outlook.com
",,,,,,,
name,"Cynthia West,(307) 817-7513,facilisis.suspendisse@outlook.couk
","Cynthia West,(307) 817-7513,facilisis.suspendisse@outlook.couk
",,,,,,,
name,"Sean Black,1-612-274-3088,consectetuer.adipiscing@icloud.edu
","Sean Black,1-612-274-3088,consectetuer.adipiscing@icloud.edu
",,,,,,,
name,"Sandra Wilkinson,(525) 235-5565,pharetra.sed@icloud.org
","Sandra Wilkinson,(525) 235-5565,pharetra.sed@icloud.org
",,,,,,,
name,"Vance Farrell,(951) 374-9189,varius.orci.in@icloud.couk
","Vance Farrell,(951) 374-9189,varius.orci.in@icloud.couk
",,,,,,,
name,"Simon Hooper,1-114-639-9165,tellus.sem.mollis@hotmail.com
","Simon Hooper,1-114-639-9165,tellus.sem.mollis@hotmail.com
",,,,,,,
name,"Yolanda Patrick,(922) 482-1133,aliquam.enim@google.net
","Yolanda Patrick,(922) 482-1133,aliquam.enim@google.net
",,,,,,,
name,"Nyssa Francis,(325) 346-2653,mollis.lectus@yahoo.com
","Nyssa Francis,(325) 346-2653,mollis.lectus@yahoo.com
",,,,,,,
